{
  "project_info": {
    "project_number": "516826620416",
    "project_id": "agendaapp-aadad",
    "storage_bucket": "agendaapp-aadad.appspot.com"
  },
  "client": [
    {
      "client_info": {
        "mobilesdk_app_id": "1:516826620416:android:6034361a1e770ecac7aee5",
        "android_client_info": {
          "package_name": "com.example.agentiedam"
        }
      },
      "oauth_client": [
        {
          "client_id": "516826620416-u4r1jf87a1lfu5qg784etovav26f36pl.apps.googleusercontent.com",
          "client_type": 3
        }
      ],
      "api_key": [
        {
          "current_key": "AIzaSyCpK-aAG8O6SYALvTS5lV6ewU8qoD5mhFA"
        }
      ],
      "services": {
        "appinvite_service": {
          "other_platform_oauth_client": [
            {
              "client_id": "516826620416-u4r1jf87a1lfu5qg784etovav26f36pl.apps.googleusercontent.com",
              "client_type": 3
            }
          ]
        }
      }
    }
  ],
  "configuration_version": "1"
}